<?xml version="1.0" encoding="UTF-8"?>
<project-private xmlns="http://www.netbeans.org/ns/project-private/1">
    <editor-bookmarks xmlns="http://www.netbeans.org/ns/editor-bookmarks/2" lastBookmarkId="0"/>
    <open-files xmlns="http://www.netbeans.org/ns/projectui-open-files/2">
        <group>
            <file>file:/C:/Users/Vanderson/Google%20Drive/Instituto%20Educare/_dev/web/dev/aula1.1.1.html</file>
            <file>file:/C:/Users/Vanderson/Google%20Drive/Instituto%20Educare/_dev/web/dev/aula1.1.4.html</file>
            <file>file:/C:/Users/Vanderson/Google%20Drive/Instituto%20Educare/_dev/web/dev/aula1.1.4_t.html</file>
            <file>file:/C:/Users/Vanderson/Google%20Drive/Instituto%20Educare/_dev/web/dev/aula1.1.3.html</file>
            <file>file:/C:/Users/Vanderson/Google%20Drive/Instituto%20Educare/_dev/web/dev/js/scripts.js</file>
            <file>file:/C:/Users/Vanderson/Google%20Drive/Instituto%20Educare/_dev/web/dev/aula1.1.2.html</file>
            <file>file:/C:/Users/Vanderson/Google%20Drive/Instituto%20Educare/_dev/web/dev/index.html</file>
        </group>
    </open-files>
</project-private>
